1,Vanda,Yellep,421-158-2210,2022-01-13,12345678-12345678
4,Marshall,Newbury,701-275-6851,2022-01-16,12345678-12345681
8,Mozes,Barthelmes,616-728-8501,2022-01-20,12345678-12345685
9,Creigh,Featenby,231-674-5983,2022-01-21,12345678-12345686
10,Carma,Tregido,698-514-3846,2022-01-22,12345678-12345687
11,Clive,Bennet,392-485-3422,2022-01-23,12345678-12345688
13,Viole,Gianiello,960-452-4927,2022-01-25,12345678-12345690
14,Ainsley,Ladell,203-722-5778,2022-01-26,12345678-12345691
15,Holly,Trowell,119-545-2948,2022-01-27,12345678-12345692
16,Odele,Pleming,431-525-6035,2022-01-28,12345678-12345693
17,Emily,Feaver,164-286-1060,2022-01-29,12345678-12345694
18,Jerrome,Burnup,117-119-9970,2022-01-30,12345678-12345695
19,Padriac,Blundel,215-402-3993,2022-01-31,12345678-12345696
21,Karna,Grundon,627-168-2919,2022-02-02,12345678-12345698
22,Korie,Barrington,887-750-2875,2022-02-03,12345678-12345699
23,Trudey,Carwardine,700-548-5355,2022-02-04,12345678-12345700
24,Zechariah,Tibalt,384-545-3443,2022-02-05,12345678-12345701
25,Lorry,Fernez,320-920-3047,2022-02-06,12345678-12345702
26,Tiffanie,Davidi,403-981-2276,2022-02-07,12345678-12345703
27,Edouard,Gration,257-757-3924,2022-02-08,12345678-12345704
28,Rubetta,Waudby,665-819-3458,2022-02-09,12345678-12345705
29,Emlynne,Pencot,133-274-6602,2022-02-10,12345678-12345706
30,Berke,Chastel,213-747-4343,2022-02-11,12345678-12345707
31,Selene,Dracey,329-422-2020,2022-02-12,12345678-12345708
32,Merrily,Hartin,694-875-7019,2022-02-13,12345678-12345709
33,Noemi,Capper,189-529-2876,2022-02-14,12345678-12345710
34,Wynne,Lyster,220-796-0601,2022-02-15,12345678-12345711
35,Elena,Tidball,921-913-7535,2022-02-16,12345678-12345712
36,Colby,Simonot,704-847-7159,2022-02-17,12345678-12345713
37,Charmine,Sloyan,177-767-6866,2022-02-18,12345678-12345714
38,Wilbur,Arkley,258-599-1455,2022-02-19,12345678-12345715
39,Bella,Adess,461-735-5929,2022-02-20,12345678-12345716
40,Eada,Pulsford,697-759-4227,2022-02-21,12345678-12345717
41,Simmonds,Parell,303-948-9851,2022-02-22,12345678-12345718
42,Barbra,MacMaster,870-871-5877,2022-02-23,12345678-12345719
43,Glory,Bracer,117-162-7379,2022-02-24,12345678-12345720
44,Malinda,Border,819-868-5494,2022-02-25,12345678-12345721
45,Tamqrah,Longworth,696-155-3523,2022-02-26,12345678-12345722
46,Gustaf,Scally,361-867-2832,2022-02-27,12345678-12345723
47,Shaylyn,Allott,204-305-7314,2022-02-28,12345678-12345724
48,Lianna,Statham,865-566-2725,2022-03-01,12345678-12345725
49,Lodovico,Whittuck,466-607-2096,2022-03-02,12345678-12345726
50,Karrie,Gayle,168-678-1820,2022-03-03,12345678-12345727
12,Ortal,Meddemmen,659-849-0782,2022-01-24,12345678-12345689
5,Dori,Verden,436-510-5542,2022-01-01,12345678-12345682
3,Eric,Rachel,735-802-6314,2022-01-15,12345678-12345680
2,Lizabeth,ortal,777-105-4813,2022-01-14,12345678-12345679
20,Karon,Lyste,258-428-9866,2022-02-01,21212121-12345678
7,Colby,Maling,502-783-0989,2022-01-01,12345678-12345684
6,Rodrick,Duplain,193-647-7086,2022-01-01,12345678-12345683
